Commit SHA,Java File,Old function signature,New function signature
8b0f3b007a8ace9c96f1f42c88c9aa84a81d9a4d,OperationMerge.java,OperationMerge::MergeObservable<T>::MergeObservable( Observable<?extends Observable<?extends T>> sequences),OperationMerge::MergeObservable<T>::MergeObservable( Observable<?extends Observable<?extends T>> sequences , int maxConcurrent)
2a4122c11b95eaa3213c2c3e54a93d28b9231eec,OperationScan.java,OperationScan::scan( IObservable<T> sequence , Func2<T,T,T> accumulator),OperationScan::scan( Observable<T> sequence , T initialValue , Func2<T,T,T> accumulator)
4746752f368fcfc0e687510f1d30626ff3a39d8c,OperationScan.java,OperationScan::scan( Observable<T> sequence , Func2<T,T,T> accumulator),OperationScan::scan( Observable<T> sequence , R initialValue , Func2<R,T,R> accumulator)
707d9cb0e8961adccb4e982d34e1709327d9e0b6,OperationScan.java,OperationScan::scan( Observable<T> sequence , Func2<T,T,T> accumulator),OperationScan::scan( Observable<T> sequence , T initialValue , Func2<T,T,T> accumulator)
fd78b7cda45098cec4e7e4acb2d41992c0b77955,OperationScan.java,OperationScan::scan( Observable<T> sequence , Func2<T,T,T> accumulator),OperationScan::scan( Observable<T> sequence , R initialValue , Func2<R,T,R> accumulator)
eba7ccba10e5cddd5323b169238ce4de98fe31ee,OperationScan.java,OperationScan::scan( Observable<T> sequence , Func2<T,T,T> accumulator),OperationScan::scan( Observable<T> sequence , T initialValue , Func2<T,T,T> accumulator)
306d20746600595dbb76fbe2e9dedca4d534c3a6,OperationScan.java,OperationScan::scan( Observable<T> sequence , Func2<T,T,T> accumulator),OperationScan::scan( Observable<T> sequence , R initialValue , Func2<R,T,R> accumulator)
f8cba6a95d01052a3262d01a27dd27ded7f68dc6,OperationScan.java,OperationScan::scan( Observable<T> sequence , Func2<T,T,T> accumulator),OperationScan::scan( Observable<T> sequence , R initialValue , Func2<?super R,?super T,?extends R> accumulator)
1ca5900c0fc5809efb5129d24c3f7faf2354f74d,OperationScan.java,OperationScan::scan( Observable<T> sequence , Func2<?super T,?super T,?extends T> accumulator),OperationScan::scan( Observable<?extends T> sequence , R initialValue , Func2<?super R,?super T,?extends R> accumulator)
3501fe74ad2588757e1b4d72ca321990a70610dd,OperationScan.java,OperationScan::scan( Observable<?extends T> sequence , Func2<T,T,T> accumulator),OperationScan::scan( Observable<?extends T> sequence , R initialValue , Func2<R,?super T,R> accumulator)
60ad0cfa2afddb110b02361a087bfe50b9ed56e7,OperationScan.java,OperationScan::scan( Observable<?extends T> sequence , Func2<T,T,T> accumulator),OperationScan::scan( Observable<?extends T> sequence , R initialValue , Func2<?super R,?super T,?extends R> accumulator)
f8787aa184c6756a7640f29f0a480da40ce7df10,OperationScan.java,OperationScan::scan( Observable<?extends T> sequence , Func2<?super T,?super T,?extends T> accumulator),OperationScan::scan( Observable<?extends T> sequence , R initialValue , Func2<R,?super T,R> accumulator)
8345dc78a67480c0e84281e9e456ecb1631b6294,OperationZip.java,OperationZip::zip( Collection<Observable<?>> ws , FuncN<R> zipFunction),OperationZip::zip( Observable<T0> w0 , Observable<T1> w1 , Func2<T0,T1,R> zipFunction)
f8cba6a95d01052a3262d01a27dd27ded7f68dc6,OperationZip.java,OperationZip::zip( Collection<Observable<?>> ws , FuncN<R> zipFunction),OperationZip::zip( Observable<T0> w0 , Observable<T1> w1 , Func2<?super T0,?super T1,?extends R> zipFunction)
ac6a0a1ad8edd25b3c17a6fbca6960e9bcdda020,OperationZip.java,OperationZip::zip( Collection<Observable<?>> ws , FuncN<R> zipFunction),OperationZip::zip( Observable<?extends T1> o1 , Observable<?extends T2> o2 , Func2<?super T1,?super T2,?extends R> zipFunction)
21bc549e5dbefa16a7442f0c1c98db40c4525113,OperationZip.java,OperationZip::zip( Collection<Observable<?>> ws , FuncN<?extends R> zipFunction),OperationZip::zip( Observable<T0> w0 , Observable<T1> w1 , Func2<?super T0,?super T1,?extends R> zipFunction)
0438505d08862d6240e67d685371f84c1047cc11,OperationZip.java,OperationZip::zip( Collection<Observable<?>> ws , FuncN<?extends R> zipFunction),OperationZip::zip( Observable<?extends T0> w0 , Observable<?extends T1> w1 , Func2<?super T0,?super T1,?extends R> zipFunction)
ebaa61636d1085fdecab226a09a7d31e23cda2b2,OperationZip.java,OperationZip::zip( Collection<Observable<?>> ws , FuncN<?extends R> zipFunction),OperationZip::zip( Observable<?extends T1> o1 , Observable<?extends T2> o2 , Func2<?super T1,?super T2,?extends R> zipFunction)
21e230c247670f5c321ee39f518632577710567b,OperationZip.java,OperationZip::zip( Iterable<?extends Observable<?>> ws , FuncN<?extends R> zipFunction),OperationZip::zip( Observable<?extends T1> o1 , Observable<?extends T2> o2 , final Func2<?super T1,?super T2,?extends R> zipFunction)
5b92876d8c30c7f1be7a914fb46e438eb1a26638,CompositeException.java,CompositeException::CompositeException( Collection<Exception> errors),CompositeException::CompositeException( String messagePrefix , Collection<Throwable> errors)
65c5418e7e02b038c4e34a7a7c2932f4cd349a08,CompositeException.java,CompositeException::CompositeException( Collection<Throwable> errors),CompositeException::CompositeException( String messagePrefix , Collection<?extends Throwable> errors)
6d9d540155ec9918847f0b75595f728f6203af57,Notification.java,Notification<T>::Notification(),Notification<T>::Notification( Kind kind , T value , Throwable e)
787d8fc0215c5bab541f61c2d69a91753d462559,OperationSkip.java,OperationSkip::Skip<T>::ItemObserver::ItemObserver(),OperationSkip::Skip<T>::ItemObserver::ItemObserver( Observer<T> observer)
787d8fc0215c5bab541f61c2d69a91753d462559,OperationTake.java,OperationTake::Take<T>::ItemObserver::ItemObserver(),OperationTake::Take<T>::ItemObserver::ItemObserver( Observer<T> observer)
9d48f996e4ee55e89dc3c60d9dd7a8d644316140,Observable.java,Observable<T>::filter( final Object callback),Observable<T>::filter( Observable<T> that , Func1<Boolean,T> predicate)
96b3801250c561bdcfc7504100309176ec502f57,Observable.java,Observable<T>::filter( final Object callback),Observable<T>::filter( Observable<T> that , Func1<T,Boolean> predicate)
9d48f996e4ee55e89dc3c60d9dd7a8d644316140,Observable.java,Observable<T>::last(),Observable<T>::last( final Observable<T> that)
9d48f996e4ee55e89dc3c60d9dd7a8d644316140,Observable.java,Observable<T>::map( final Object callback),Observable<T>::map( Observable<T> sequence , Func1<R,T> func)
96b3801250c561bdcfc7504100309176ec502f57,Observable.java,Observable<T>::map( final Object callback),Observable<T>::map( Observable<T> sequence , Func1<T,R> func)
9d48f996e4ee55e89dc3c60d9dd7a8d644316140,Observable.java,Observable<T>::mapMany( final Object callback),Observable<T>::mapMany( Observable<T> sequence , Func1<Observable<R>,T> func)
96b3801250c561bdcfc7504100309176ec502f57,Observable.java,Observable<T>::mapMany( final Object callback),Observable<T>::mapMany( Observable<T> sequence , Func1<T,Observable<R>> func)
9d48f996e4ee55e89dc3c60d9dd7a8d644316140,Observable.java,Observable<T>::materialize(),Observable<T>::materialize( final Observable<T> sequence)
9d48f996e4ee55e89dc3c60d9dd7a8d644316140,Observable.java,Observable<T>::onErrorResumeNext( final Object resumeFunction),Observable<T>::onErrorResumeNext( final Observable<T> that , final Func1<Observable<T>,Exception> resumeFunction)
96b3801250c561bdcfc7504100309176ec502f57,Observable.java,Observable<T>::onErrorResumeNext( final Observable<T> resumeSequence),Observable<T>::onErrorResumeNext( final Observable<T> that , final Func1<Exception,Observable<T>> resumeFunction)
6e1a1f71f2142559daaf1fc861ac798dc9e8f4ed,Observable.java,Observable<T>::onErrorResumeNext( final Observable<T> resumeSequence),Observable<T>::onErrorResumeNext( final Observable<T> that , final Func1<Throwable,Observable<T>> resumeFunction)
59d6a57f9a5e93146bcc83bcdb6f7c26ce644c51,Observable.java,Observable<T>::onErrorResumeNext( final Observable<T> resumeSequence),Observable<T>::onErrorResumeNext( final Observable<T> that , final Func1<Exception,Observable<T>> resumeFunction)
5b92876d8c30c7f1be7a914fb46e438eb1a26638,Observable.java,Observable<T>::onErrorResumeNext( final Observable<T> resumeSequence),Observable<T>::onErrorResumeNext( final Observable<T> that , final Func1<Throwable,Observable<T>> resumeFunction)
9d48f996e4ee55e89dc3c60d9dd7a8d644316140,Observable.java,Observable<T>::onErrorReturn( final Object resumeFunction),Observable<T>::onErrorReturn( final Observable<T> that , Func1<T,Exception> resumeFunction)
96b3801250c561bdcfc7504100309176ec502f57,Observable.java,Observable<T>::onErrorReturn( final Object resumeFunction),Observable<T>::onErrorReturn( final Observable<T> that , Func1<Exception,T> resumeFunction)
6e1a1f71f2142559daaf1fc861ac798dc9e8f4ed,Observable.java,Observable<T>::onErrorReturn( final Object resumeFunction),Observable<T>::onErrorReturn( final Observable<T> that , Func1<Throwable,T> resumeFunction)
59d6a57f9a5e93146bcc83bcdb6f7c26ce644c51,Observable.java,Observable<T>::onErrorReturn( Func1<Throwable,T> resumeFunction),Observable<T>::onErrorReturn( final Observable<T> that , Func1<Exception,T> resumeFunction)
5b92876d8c30c7f1be7a914fb46e438eb1a26638,Observable.java,Observable<T>::onErrorReturn( final Object resumeFunction),Observable<T>::onErrorReturn( final Observable<T> that , Func1<Throwable,T> resumeFunction)
9d48f996e4ee55e89dc3c60d9dd7a8d644316140,Observable.java,Observable<T>::skip( int num),Observable<T>::skip( final Observable<T> items , int num)
9d48f996e4ee55e89dc3c60d9dd7a8d644316140,Observable.java,Observable<T>::take( final int num),Observable<T>::take( final Observable<T> items , final int num)
9d48f996e4ee55e89dc3c60d9dd7a8d644316140,Observable.java,Observable<T>::toList(),Observable<T>::toList( final Observable<T> that)
26f5a666439863292fae5eb3d356e622fdbb4e17,OperationSynchronize.java,OperationSynchronize<T>::Synchronize<T>::Synchronize( Observable<?extends T> innerObservable),OperationSynchronize<T>::Synchronize<T>::Synchronize( Observable<?extends T> innerObservable , Object lock)
d7997fb7eb2d9f20891985007331ba8a7f45e467,OperationToObservableIterable.java,OperationToObservableIterable<T>::toObservableIterable( Iterable<?extends T> list),OperationToObservableIterable<T>::toObservableIterable( Iterable<?extends T> list , Scheduler scheduler)
d7997fb7eb2d9f20891985007331ba8a7f45e467,OperationToObservableIterable.java,OperationToObservableIterable<T>::ToObservableIterable<T>::ToObservableIterable( Iterable<?extends T> list),OperationToObservableIterable<T>::ToObservableIterable<T>::ToObservableIterable( Iterable<?extends T> list , Scheduler scheduler)
787d8fc0215c5bab541f61c2d69a91753d462559,Observable.java,Observable<T>::Observable(),Observable<T>::Observable( Func1<Observer<T>,Subscription> onSubscribe)
52342a23c99bd1cc6f84b0db054ce15cceac5ea7,Observable.java,Observable<T>::Observable(),Observable<T>::Observable( Func1<?super Observer<T>,?extends Subscription> onSubscribe)
ac6a0a1ad8edd25b3c17a6fbca6960e9bcdda020,Observable.java,Observable<T>::Observable(),Observable<T>::Observable( Func1<?super Observer<?super T>,?extends Subscription> onSubscribe)
21bc549e5dbefa16a7442f0c1c98db40c4525113,Observable.java,Observable<T>::Observable(),Observable<T>::Observable( Func1<?super Observer<T>,?extends Subscription> onSubscribe)
0438505d08862d6240e67d685371f84c1047cc11,Observable.java,Observable<T>::Observable(),Observable<T>::Observable( Func1<?super Observer<?super T>,?extends Subscription> onSubscribe)
5789894638a62ac17b5276053e3bea8bdd570580,Observable.java,Observable<T>::Observable(),Observable<T>::Observable( Func1<Observer<T>,Subscription> onSubscribe)
b7de349250af69428c2fb45acd83b769a2392a42,Observable.java,Observable<T>::Observable(),Observable<T>::Observable( OnSubscribeFunc<T> onSubscribe)
68d181b39fa134e9a578f0e85f8e91739a6a3a78,Observable.java,Observable<T>::Observable(),Observable<T>::Observable( Func1<?super Observer<?super T>,?extends Subscription> onSubscribe)
35855706265f63550d42d6c022319b07176c4416,Observable.java,Observable<T>::Observable(),Observable<T>::Observable( OnSubscribeFunc<T> onSubscribe)
3061b7c8fa8ec79bbbabd60d7056de3861509c9a,Observable.java,Observable<T>::merge( Publisher<?extends Publisher<?extends T>> sources , int maxConcurrency),Observable<T>::merge( int maxConcurrency , int bufferSize , Iterable<?extends Publisher<?extends T>> sources)
10325b90e1b9c8b169bec378e0892353d31302f2,Observable.java,Observable<T>::merge( Observable<?extends T> ... sources),Observable<T>::merge( int maxConcurrency , int bufferSize , Iterable<?extends Observable<?extends T>> sources)
596f77f905069911f2d9046046afbd61966b54fd,Observable.java,Observable<T>::merge( Observable<?extends T> ... sources),Observable<T>::merge( int maxConcurrency , int bufferSize , Iterable<?extends ObservableConsumable<?extends T>> sources)
2de974aa65a226fe10190fa0881f576814459d42,Observable.java,Observable<T>::merge( ObservableConsumable<?extends T> ... sources),Observable<T>::merge( int maxConcurrency , int bufferSize , Iterable<?extends ObservableSource<?extends T>> sources)
991ae3486ba9509f114a7645429126ef1322634a,Observable.java,Observable<T>::merge( ObservableSource<?extends T> ... sources),Observable<T>::merge( Iterable<?extends ObservableSource<?extends T>> sources , int maxConcurrency , int bufferSize)
462fab28714c45bf45468384368b6cfdc78bfb87,Observable.java,Observable<T>::mergeDelayError( Publisher<?extends T> ... sources),Observable<T>::mergeDelayError( boolean delayErrors , Iterable<?extends Publisher<?extends T>> sources)
10325b90e1b9c8b169bec378e0892353d31302f2,Observable.java,Observable<T>::mergeDelayError( Observable<?extends T> ... sources),Observable<T>::mergeDelayError( boolean delayErrors , Iterable<?extends Observable<?extends T>> sources)
596f77f905069911f2d9046046afbd61966b54fd,Observable.java,Observable<T>::mergeDelayError( Observable<?extends T> ... sources),Observable<T>::mergeDelayError( boolean delayErrors , Iterable<?extends ObservableConsumable<?extends T>> sources)
2de974aa65a226fe10190fa0881f576814459d42,Observable.java,Observable<T>::mergeDelayError( ObservableConsumable<?extends T> ... sources),Observable<T>::mergeDelayError( boolean delayErrors , Iterable<?extends ObservableSource<?extends T>> sources)
2ca8bac6da3366e41dc35924345ec40d0c906418,Observable.java,Observable<T>::zip( Collection<Observable<?>> ws , final Object function),Observable<T>::zip( Observable<T0> w0 , Observable<T1> w1 , Func2<T0,T1,R> reduceFunction)
f8cba6a95d01052a3262d01a27dd27ded7f68dc6,Observable.java,Observable<T>::zip( Collection<Observable<?>> ws , FuncN<R> reduceFunction),Observable<T>::zip( Observable<T0> w0 , Observable<T1> w1 , Func2<?super T0,?super T1,?extends R> reduceFunction)
ac6a0a1ad8edd25b3c17a6fbca6960e9bcdda020,Observable.java,Observable<T>::zip( Collection<Observable<?>> ws , FuncN<R> reduceFunction),Observable<T>::zip( Observable<?extends T1> o1 , Observable<?extends T2> o2 , Func2<?super T1,?super T2,?extends R> zipFunction)
21bc549e5dbefa16a7442f0c1c98db40c4525113,Observable.java,Observable<T>::zip( Collection<Observable<?>> ws , FuncN<?extends R> reduceFunction),Observable<T>::zip( Observable<T0> w0 , Observable<T1> w1 , Func2<?super T0,?super T1,?extends R> reduceFunction)
0438505d08862d6240e67d685371f84c1047cc11,Observable.java,Observable<T>::zip( Collection<Observable<?>> ws , FuncN<?extends R> reduceFunction),Observable<T>::zip( Observable<?extends T0> w0 , Observable<?extends T1> w1 , Func2<?super T0,?super T1,?extends R> reduceFunction)
ebaa61636d1085fdecab226a09a7d31e23cda2b2,Observable.java,Observable<T>::zip( Collection<Observable<?>> ws , FuncN<?extends R> reduceFunction),Observable<T>::zip( Observable<?extends T1> o1 , Observable<?extends T2> o2 , Func2<?super T1,?super T2,?extends R> zipFunction)
5789894638a62ac17b5276053e3bea8bdd570580,Observable.java,Observable<T>::zip( Collection<?extends Observable<?>> ws , FuncN<?extends R> zipFunction),Observable<T>::zip( Observable<T0> w0 , Observable<T1> w1 , Func2<T0,T1,R> reduceFunction)
b7de349250af69428c2fb45acd83b769a2392a42,Observable.java,Observable<T>::zip( Collection<Observable<?>> ws , FuncN<R> reduceFunction),Observable<T>::zip( Observable<?extends T1> o1 , Observable<?extends T2> o2 , Func2<?super T1,?super T2,?extends R> zipFunction)
9ec1715a900e682a11d311787227d9afaa18267c,Observable.java,Observable<T>::zip( Collection<?extends Observable<?>> ws , FuncN<?extends R> zipFunction),Observable<T>::zip( Observable<T0> w0 , Observable<T1> w1 , Func2<T0,T1,R> reduceFunction)
89f3218d84ef679c661b01822d110477f2b06ab1,Observable.java,Observable<T>::zip( Collection<Observable<?>> ws , final Object function),Observable<T>::zip( Observable<?extends T1> o1 , Observable<?extends T2> o2 , Func2<?super T1,?super T2,?extends R> zipFunction)
35150b009265bf3b5cbdbc55cf80bd9459348f12,Observable.java,Observable<T>::zip( Publisher<?extends Publisher<?extends T>> sources , Function<Object[],R> zipper),Observable<T>::zip( Publisher<?extends T1> p1 , Publisher<?extends T2> p2 , BiFunction<?super T1,?super T2,?extends R> zipper)
041eaebedecd9e0e302efd01ba60d80db434ab62,PerformanceTest.java,PerformanceTest::runCompositionTestWithMultipleOperations( Integer [ ] values),PerformanceTest::runCompositionTestWithMultipleOperations( AtomicLong aggregateTime , Integer [ ] values)
041eaebedecd9e0e302efd01ba60d80db434ab62,PerformanceTest.java,PerformanceTest::runCompositionTest( Integer [ ] values),PerformanceTest::runCompositionTest( AtomicLong aggregateTime , Integer [ ] values)
041eaebedecd9e0e302efd01ba60d80db434ab62,PerformanceTest.java,PerformanceTest::runNonCompositionalTestWithDirectLoop( Integer [ ] values),PerformanceTest::runNonCompositionalTestWithDirectLoop( AtomicLong aggregateTime , Integer [ ] values)
041eaebedecd9e0e302efd01ba60d80db434ab62,PerformanceTest.java,PerformanceTest::runNonCompositionalTestWithArrayOfFunctions( Integer [ ] values),PerformanceTest::runNonCompositionalTestWithArrayOfFunctions( AtomicLong aggregateTime , Integer [ ] values)
041eaebedecd9e0e302efd01ba60d80db434ab62,PerformanceTest.java,PerformanceTest::TestObserver::TestObserver( AtomicInteger onNextSum , long start),PerformanceTest::TestObserver::TestObserver( AtomicInteger onNextSum , long start , AtomicLong aggregateTime)
90f679f3980799bb79562bcbee76fef62a99c495,SynchronizedObserver.java,SynchronizedObserver<T>::SynchronizedObserver( Observer<?super T> Observer),SynchronizedObserver<T>::SynchronizedObserver( Observer<?super T> Observer , SafeObservableSubscription subscription)
47a0e1b719d7fe28a3e0dec276b914e52d1270bb,SynchronizedObserver.java,SynchronizedObserver<T>::SynchronizedObserver( Observer<?super T> Observer),SynchronizedObserver<T>::SynchronizedObserver( Subscriber<?super T> Observer , SafeObservableSubscription subscription)
60af29e59b2a3353fb8727cd7028de15b435b1a5,SynchronizedObserver.java,SynchronizedObserver<T>::SynchronizedObserver( Subscriber<?super T> Observer),SynchronizedObserver<T>::SynchronizedObserver( Subscriber<?super T> subscriber , SafeObservableSubscription subscription)
cac2118c0a8b99deac1c1268c7e870c5e2e9f5e8,SynchronizedObserver.java,SynchronizedObserver<T>::SynchronizedObserver( Subscriber<?super T> subscriber),SynchronizedObserver<T>::SynchronizedObserver( Observer<?super T> subscriber , SafeObservableSubscription subscription)
df66270b2b029ba5aa5e586d02e7b8dfb2388f68,OperationNext.java,OperationNext::NextObserver<T>::isCompleted(),OperationNext::NextObserver<T>::isCompleted( boolean rethrowExceptionIfExists)
cff496212986c984eb5c48a930cbaf870dc9425d,GroupedObservable.java,GroupedObservable<K,T>::create( Object func),GroupedObservable<K,T>::create( K key , OnSubscribe<T> f)
07e27697dc51ffa4c26f9e20a427d9900bf6b0b9,GroupedObservable.java,GroupedObservable<K,T>::from( T1 ... items),GroupedObservable<K,T>::from( K key , final Observable<T> o)
f91a2ea489c8650a1354a9d12695795fc3e71f37,Observable.java,Observable<T>::groupBy( final Func1<T,K> keySelector),Observable<T>::groupBy( final Func1<T,K> keySelector , final Func1<T,R> elementSelector)
52342a23c99bd1cc6f84b0db054ce15cceac5ea7,Observable.java,Observable<T>::groupBy( final Func1<T,K> keySelector),Observable<T>::groupBy( final Func1<?super T,?extends K> keySelector , final Func1<?super T,?extends R> elementSelector)
5789894638a62ac17b5276053e3bea8bdd570580,Observable.java,Observable<T>::groupBy( final Func1<?super T,?extends K> keySelector),Observable<T>::groupBy( final Func1<T,K> keySelector , final Func1<T,R> elementSelector)
b7de349250af69428c2fb45acd83b769a2392a42,Observable.java,Observable<T>::groupBy( final Func1<T,K> keySelector),Observable<T>::groupBy( final Func1<?super T,?extends K> keySelector , final Func1<?super T,?extends R> elementSelector)
9ec1715a900e682a11d311787227d9afaa18267c,Observable.java,Observable<T>::groupBy( final Func1<?super T,?extends K> keySelector),Observable<T>::groupBy( Observable<T> source , final Func1<T,K> keySelector , final Func1<T,R> elementSelector)
89f3218d84ef679c661b01822d110477f2b06ab1,Observable.java,Observable<T>::groupBy( final Object keySelector),Observable<T>::groupBy( final Func1<?super T,?extends K> keySelector , final Func1<?super T,?extends R> elementSelector)
d8181f56f4b1005669178178beb24de2d3c43748,CurrentThreadScheduler.java,CurrentThreadScheduler::enqueue( DiscardableAction <?> action),CurrentThreadScheduler::enqueue( DiscardableAction <?> action , long execTime)
9a94fd278693e098837dddce222a732c1a57f532,CurrentThreadScheduler.java,CurrentThreadScheduler::enqueue( DiscardableAction <?> action , long execTime),CurrentThreadScheduler::enqueue( Scheduler scheduler , DiscardableAction <?> action , long execTime)
7c6a14d2ea06580921b877c531a68746c8df50ce,ExecutorScheduler.java,ExecutorScheduler::schedule( Func0<Subscription> action),ExecutorScheduler::schedule( Func0<Subscription> action , long dueTime , TimeUnit unit)
ea88d82b41b85750ba2bddbbe2e71ca3580d621a,ExecutorScheduler.java,ExecutorScheduler::schedule( Func0<Subscription> action),ExecutorScheduler::schedule( final T state , final Func2<Scheduler,T,Subscription> action , long delayTime , TimeUnit unit)
f8cba6a95d01052a3262d01a27dd27ded7f68dc6,ExecutorScheduler.java,ExecutorScheduler::schedule( T state , Func2<Scheduler,T,Subscription> action),ExecutorScheduler::schedule( final T state , final Func2<?super Scheduler,?super T,?extends Subscription> action , long delayTime , TimeUnit unit)
1ea15baf5b76d407c1aa97331c3857c95d229bd6,ScheduledObserver.java,ScheduledObserver<T>::ScheduledObserver( Observer<?super T> underlying , Scheduler scheduler),ScheduledObserver<T>::ScheduledObserver( CompositeSubscription s , Observer<?super T> underlying , Scheduler scheduler)
d91794b7123f58d5dfc85fa7edfd8c33ffd9655d,SleepingAction.java,SleepingAction::call(),SleepingAction::call( Inner s)
48ec950ffd0896f97d8dcb641adc32e71c31cc08,Observable.java,Observable<T>::finallyDo( Action0 action),Observable<T>::finallyDo( Observable<T> source , Action0 action)
644806b2e3640ba8f730a2483b74b551524aeccd,PublishSubject.java,PublishSubject<T>::PublishSubject( Func1<Observer<T>,Subscription> onSubscribe , ConcurrentHashMap<Subscription,Observer<T>> observers),PublishSubject<T>::PublishSubject( Func1<Observer<T>,Subscription> onSubscribe , ConcurrentHashMap<Subscription,Observer<T>> observers , AtomicReference<Notification<T>> terminalState)
6b036e80620ca834e42e42da8fb5ca069bcaccea,PublishSubject.java,PublishSubject<T>::PublishSubject( OnSubscribeFunc<T> onSubscribe , SubjectState<T> state),PublishSubject<T>::PublishSubject( OnSubscribeFunc<T> onSubscribe , SubjectSubscriptionManager<T> subscriptionManager , AtomicReference<Notification<T>> lastNotification)
acfe92f43c5e6b223bb322bc2c65e3d16910357f,UnsubscribeTester.java,UnsubscribeTester::doUnsubscribe(),UnsubscribeTester::doUnsubscribe( String event)
d91794b7123f58d5dfc85fa7edfd8c33ffd9655d,TestScheduler.java,TestScheduler::TimedAction::TimedAction( long time , Func0<Subscription> action),TestScheduler::TimedAction::TimedAction( Inner scheduler , long time , Action1<Inner> action)
c07e459f13728af98a043ba974c6ec20b37ed233,TestScheduler.java,TestScheduler::schedule( Action1<Inner> action),TestScheduler::schedule( T state , Func2<?super Scheduler,?super T,?extends Subscription> action)
446acf5cd8b533dfd4fd26848c9f33aedf0ad95e,TestScheduler.java,TestScheduler::schedule( Action1<Inner> action),TestScheduler::schedule( Action1<Inner> action , long delayTime , TimeUnit unit)
98074a267c23c3dadc87a47e4ebde23c80756576,TestScheduler.java,TestScheduler::now(),TestScheduler::now( TimeUnit unit)
74ba4ebca1188e593526829a506113f2e930fa5e,OperationSample.java,OperationSample::Sample<T>::Sample( Observable<T> source , long interval , TimeUnit unit),OperationSample::Sample<T>::Sample( Observable<T> source , long interval , TimeUnit unit , Scheduler scheduler)
3fb72d6ab6ea5d03f68bc8b2ed51d835f1a4aaf1,ExecutorScheduler.java,ExecutorScheduler::schedulePeriodically( final Func0<Subscription> action , long initialDelay , long period , TimeUnit unit),ExecutorScheduler::schedulePeriodically( final T state , final Func2<Scheduler,T,Subscription> action , long initialDelay , long period , TimeUnit unit)
c07e459f13728af98a043ba974c6ec20b37ed233,ExecutorScheduler.java,ExecutorScheduler::schedulePeriodically( final Action1<Scheduler.Inner> action , long initialDelay , long period , TimeUnit unit),ExecutorScheduler::schedulePeriodically( final T state , final Func2<?super Scheduler,?super T,?extends Subscription> action , long initialDelay , long period , TimeUnit unit)
5ec11c3529c79e3badbbee75f1e391af223a8b7a,Observable.java,Observable<T>::multicast( Subject<?super T,?extends R> subject),Observable<T>::multicast( final Func0<?extends Subject<?super T,?extends TIntermediate>> subjectFactory , final Func1<?super Observable<TIntermediate>,?extends Observable<TResult>> selector)
52342a23c99bd1cc6f84b0db054ce15cceac5ea7,OperationGroupBy.java,OperationGroupBy::groupBy( Observable<T> source , final Func1<T,K> keySelector),OperationGroupBy::groupBy( Observable<T> source , final Func1<?super T,?extends K> keySelector , final Func1<?super T,?extends R> elementSelector)
1ca5900c0fc5809efb5129d24c3f7faf2354f74d,OperationGroupBy.java,OperationGroupBy::groupBy( Observable<T> source , final Func1<?super T,?extends K> keySelector),OperationGroupBy::groupBy( Observable<?extends T> source , final Func1<?super T,?extends K> keySelector , final Func1<?super T,?extends R> elementSelector)
e616cd323bc767ca1fa02c3d19d1b85978b0cacd,Scheduler.java,Scheduler::now(),Scheduler::now( TimeUnit unit)
6b036e80620ca834e42e42da8fb5ca069bcaccea,ReplaySubject.java,ReplaySubject<T>::ReplaySubject( DelegateSubscriptionFunc<T> onSubscribe),ReplaySubject<T>::ReplaySubject( OnSubscribeFunc<T> onSubscribe , SubjectSubscriptionManager<T> subscriptionManager , ReplayState<T> state)
b7cb10b8006d28063f268574cb19b44a1a50331a,Scheduler.java,Scheduler::schedulePeriodically( final Action0 action , long initialDelay , long period , TimeUnit unit),Scheduler::schedulePeriodically( T state , final Func2<Scheduler,T,Subscription> action , long initialDelay , long period , TimeUnit unit)
f8cba6a95d01052a3262d01a27dd27ded7f68dc6,Scheduler.java,Scheduler::schedulePeriodically( final Action0 action , long initialDelay , long period , TimeUnit unit),Scheduler::schedulePeriodically( T state , final Func2<?super Scheduler,?super T,?extends Subscription> action , long initialDelay , long period , TimeUnit unit)
c4c31400785e567faa931668a15f04bdf8e78520,Timestamped.java,Timestamped<T>::Timestamped( long timestampMillis , T value),Timestamped<T>::Timestamped( T value , long timestamp , TimeUnit unit)
6b036e80620ca834e42e42da8fb5ca069bcaccea,AsyncSubject.java,AsyncSubject<T>::AsyncSubject( OnSubscribeFunc<T> onSubscribe , SubjectState<T> state),AsyncSubject<T>::AsyncSubject( OnSubscribeFunc<T> onSubscribe , SubjectSubscriptionManager<T> subscriptionManager , AtomicReference<Notification<T>> lastNotification)
6b036e80620ca834e42e42da8fb5ca069bcaccea,BehaviorSubject.java,BehaviorSubject<T>::BehaviorSubject( OnSubscribeFunc<T> onSubscribe , SubjectState<T> state),BehaviorSubject<T>::BehaviorSubject( OnSubscribeFunc<T> onSubscribe , SubjectSubscriptionManager<T> subscriptionManager , AtomicReference<Notification<T>> lastNotification)
eba4857c368a398513da9aa333c5fc03dbb35c0f,Observable.java,Observable<T>::switchDo(),Observable<T>::switchDo( Observable<?extends Observable<?extends T>> sequenceOfSequences)
5789894638a62ac17b5276053e3bea8bdd570580,Observable.java,Observable<T>::switchDo(),Observable<T>::switchDo( Observable<Observable<T>> sequenceOfSequences)
b7de349250af69428c2fb45acd83b769a2392a42,Observable.java,Observable<T>::switchDo(),Observable<T>::switchDo( Observable<?extends Observable<?extends T>> sequenceOfSequences)
58cc48d0c621c1b66d490c2135c53778ce32f0fb,OperationSwitch.java,OperationSwitch::SwitchObserver<T>::SwitchObserver( Observer<T> observer),OperationSwitch::SwitchObserver<T>::SwitchObserver( Observer<T> observer , AtomicObservableSubscription parent)
2de214cec5e44dc8af134ccb08a5da9df7c87278,OperationSwitch.java,OperationSwitch::SwitchObserver<T>::SwitchObserver( Observer<?super T> observer , SafeObservableSubscription parent),OperationSwitch::SwitchObserver<T>::SwitchObserver( Observer<?super T> observer , SafeObservableSubscription parent , MultipleAssignmentSubscription child)
3904af50d8c2cfa43b4db638ced296298ae4ad01,Observable.java,Observable<T>::combineLatest( List<?extends Observable<?extends T>> sources , FuncN<?extends R> combineFunction),Observable<T>::combineLatest( Observable<?extends T1> o1 , Observable<?extends T2> o2 , Func2<?super T1,?super T2,?extends R> combineFunction)
04f35cdb27d18f91a86607638aff1d428107eb75,BlockingObservable.java,BlockingObservable<T>::mostRecent( T initialValue),BlockingObservable<T>::mostRecent( Observable<?extends T> source , T initialValue)
04f35cdb27d18f91a86607638aff1d428107eb75,BlockingObservable.java,BlockingObservable<T>::next(),BlockingObservable<T>::next( Observable<?extends T> items)
04f35cdb27d18f91a86607638aff1d428107eb75,BlockingObservable.java,BlockingObservable<T>::toFuture(),BlockingObservable<T>::toFuture( final Observable<?extends T> source)
04f35cdb27d18f91a86607638aff1d428107eb75,BlockingObservable.java,BlockingObservable<T>::toIterable(),BlockingObservable<T>::toIterable( final Observable<?extends T> source)
52342a23c99bd1cc6f84b0db054ce15cceac5ea7,BlockingObservable.java,BlockingObservable<T>::BlockingObservable(),BlockingObservable<T>::BlockingObservable( Func1<?super Observer<T>,?extends Subscription> onSubscribe)
0438505d08862d6240e67d685371f84c1047cc11,BlockingObservable.java,BlockingObservable<T>::BlockingObservable(),BlockingObservable<T>::BlockingObservable( Func1<?super Observer<?super T>,?extends Subscription> onSubscribe)
b7de349250af69428c2fb45acd83b769a2392a42,BlockingObservable.java,BlockingObservable<T>::BlockingObservable(),BlockingObservable<T>::BlockingObservable( OnSubscribeFunc<T> onSubscribe)
94f5fbed28f7158bbe92ea870fb0ac099b3e802c,BlockingObservable.java,BlockingObservable<T>::BlockingObservable(),BlockingObservable<T>::BlockingObservable( Func1<?super Observer<?super T>,?extends Subscription> onSubscribe)
35855706265f63550d42d6c022319b07176c4416,BlockingObservable.java,BlockingObservable<T>::BlockingObservable(),BlockingObservable<T>::BlockingObservable( OnSubscribeFunc<T> onSubscribe)
487a0ba52137e13d996ad12fc73bfeabb03c4fb7,OnErrorNotImplementedException.java,OnErrorNotImplementedException::OnErrorNotImplementedException( Throwable cause),OnErrorNotImplementedException::OnErrorNotImplementedException( String message , Throwable cause)
ceded86f9158282327fb147bf8d901a9a615cc11,OnErrorNotImplementedException.java,OnErrorNotImplementedException::OnErrorNotImplementedException( Throwable cause),OnErrorNotImplementedException::OnErrorNotImplementedException( String message , Throwable e)
fa58d36375ecc084b21bca299ca4780946b15dc5,OnErrorNotImplementedException.java,OnErrorNotImplementedException::OnErrorNotImplementedException( Throwable e),OnErrorNotImplementedException::OnErrorNotImplementedException( String message , @ NonNull Throwable e)
d89197d4908d9355fe97635878490d3514c2ee01,OperationGroupBy.java,OperationGroupBy::GroupedSubject<K,T>::create( K key),OperationGroupBy::GroupedSubject<K,T>::create( final K key , final GroupBy<K,T> parent)
462fab28714c45bf45468384368b6cfdc78bfb87,Observable.java,Observable<T>::switchOnNext( Publisher<?extends Publisher<?extends T>> sources),Observable<T>::switchOnNext( int bufferSize , Publisher<?extends Publisher<?extends T>> sources)
835e4f2a007ae11f9fbb4b04342d6a56df9c2709,Observable.java,Observable<T>::switchOnNext( Publisher<?extends Publisher<?extends T>> sources),Observable<T>::switchOnNext( int bufferSize , Observable<?extends Observable<?extends T>> sources)
596f77f905069911f2d9046046afbd61966b54fd,Observable.java,Observable<T>::switchOnNext( Observable<?extends Observable<?extends T>> sources),Observable<T>::switchOnNext( int bufferSize , ObservableConsumable<?extends ObservableConsumable<?extends T>> sources)
2de974aa65a226fe10190fa0881f576814459d42,Observable.java,Observable<T>::switchOnNext( ObservableConsumable<?extends ObservableConsumable<?extends T>> sources),Observable<T>::switchOnNext( int bufferSize , ObservableSource<?extends ObservableSource<?extends T>> sources)
991ae3486ba9509f114a7645429126ef1322634a,Observable.java,Observable<T>::switchOnNext( ObservableSource<?extends ObservableSource<?extends T>> sources),Observable<T>::switchOnNext( ObservableSource<?extends ObservableSource<?extends T>> sources , int bufferSize)
1d183a3a71b76e185df0f8180544fe110459d6a0,OperationDistinctUntilChanged.java,OperationDistinctUntilChanged::distinctUntilChanged( Observable<?extends T> source),OperationDistinctUntilChanged::distinctUntilChanged( Observable<?extends T> source , Func1<?super T,?extends U> keySelector)
141bb6be73e3d0b5bcb4346fd06ccdc81e5a4280,OperationDistinctUntilChanged.java,OperationDistinctUntilChanged::distinctUntilChanged( Observable<?extends T> source),OperationDistinctUntilChanged::distinctUntilChanged( Observable<?extends T> source , Comparator<T> equalityComparator)
141bb6be73e3d0b5bcb4346fd06ccdc81e5a4280,OperationDistinctUntilChanged.java,OperationDistinctUntilChanged::DistinctUntilChanged<T,U>::DistinctUntilChanged( Observable<?extends T> source , Func1<?super T,?extends U> keySelector),OperationDistinctUntilChanged::DistinctUntilChanged<T,U>::DistinctUntilChanged( Observable<?extends T> source , Func1<?super T,?extends U> keySelector , Comparator<U> equalityComparator)
d5dd873e70a67611e2b5fcef388ef29622075632,OperationAny.java,OperationAny::Any<T>::Any( Observable<?extends T> source , Func1<?super T,Boolean> predicate),OperationAny::Any<T>::Any( Observable<?extends T> source , Func1<?super T,Boolean> predicate , boolean returnOnEmpty)
15a20e1996b70edd8c6e47862c252e17252d606f,NewThreadScheduler.java,NewThreadScheduler::EventLoopScheduler::EventLoopScheduler(),NewThreadScheduler::EventLoopScheduler::EventLoopScheduler( ThreadFactory threadFactory)
6788900bd336b5fc16230fc4f20d0ae1b52a82aa,Observable.java,Observable<T>::cast(),Observable<T>::cast( final Class<R> klass)
0b8014c85fd7a1545b21380a9c7bbb52d0aa41b6,OperationTimeout.java,OperationTimeout::Timeout<T>::Timeout( Observable<?extends T> source , long timeout , TimeUnit timeUnit , Scheduler scheduler),OperationTimeout::Timeout<T>::Timeout( Observable<?extends T> source , long timeout , TimeUnit timeUnit , Observable<?extends T> other , Scheduler scheduler)
50b04ec8301b11f321e7d9547ba076f6b365bcf4,OperationAmb.java,OperationAmb::amb( final Iterable<?extends Observable<?extends T>> sources),OperationAmb::amb( Observable<?extends T> o1 , Observable<?extends T> o2)
2359c94df53a043978fd001ece5d5277ad47d8fa,Observable.java,Observable<T>::doOnEach( Observer<?super T> observer),Observable<T>::doOnEach( Consumer<?super T> onNext , Consumer<?super Throwable> onError , Runnable onComplete , Runnable onAfterTerminate)
5688cc8ad6fb20dde449ba71138de278baba86ea,Observable.java,Observable<T>::doOnEach( final Observer<?super T> observer),Observable<T>::doOnEach( Consumer<?super T> onNext , Consumer<?super Throwable> onError , Action onComplete , Action onAfterTerminate)
79535dc560a9c4dff9db9fd0cb12e3228bfecba9,Observable.java,Observable<T>::using( Func0<Resource> resourceFactory , Func1<Resource,?extends Observable<?extends T>> observableFactory),Observable<T>::using( final Func0<Resource> resourceFactory , final Func1<?super Resource,?extends Observable<?extends T>> observableFactory , final Action1<?super Resource> disposeAction)
1a7e51f33a28f9299719252035d6bc218eeedbdd,OperationRepeat.java,OperationRepeat<T>::repeat( Observable<T> seed),OperationRepeat<T>::repeat( Observable<T> source , Scheduler scheduler)
1a7e51f33a28f9299719252035d6bc218eeedbdd,OperationRepeat.java,OperationRepeat<T>::OperationRepeat( Observable<T> source),OperationRepeat<T>::OperationRepeat( Observable<T> source , Scheduler scheduler)
731e0a024ec4747aea706f03b61bcd4bc71afe16,SubjectSubscriptionManager.java,SubjectSubscriptionManager<T>::getOnSubscribeFunc( final Action1<SubjectObserver<?super T>> onSubscribe , final Action1<SubjectObserver<?super T>> onTerminated),SubjectSubscriptionManager<T>::getOnSubscribeFunc( final Action1<SubjectObserver<?super T>> onSubscribe , final Action1<SubjectObserver<?super T>> onTerminated , final Action1<SubjectObserver<?super T>> onUnsubscribe)
a144b0e20a44a4d84ec58ccf2d213672a4aacd75,SubjectSubscriptionManager.java,SubjectSubscriptionManager<T>::State<T>::State(),SubjectSubscriptionManager<T>::State<T>::State( boolean isTerminated , CountDownLatch terminationLatch , Map<Subscription,SubjectObserver<?super T>> observers)
8425eff1d1ae7bdf63ed454518cc8f460320f1d9,SubjectSubscriptionManager.java,SubjectSubscriptionManager<T>::State<T>::State(),SubjectSubscriptionManager<T>::State<T>::State( boolean isTerminated , CountDownLatch terminationLatch , Subscription [ ] subscriptions , SubjectObserver [ ] observers)
210df42374ec6b581640508aada8d592af73e3f6,SubjectSubscriptionManager.java,SubjectSubscriptionManager<T>::State<T>::State(),SubjectSubscriptionManager<T>::State<T>::State( boolean isTerminated , CountDownLatch terminationLatch , SubjectObserver [ ] observers)
1b88781653cde78650f34eabe1f07e53560b0880,SubjectSubscriptionManager.java,SubjectSubscriptionManager<T>::State<T>::State(),SubjectSubscriptionManager<T>::State<T>::State( boolean terminated , SubjectObserver [ ] observers)
d91794b7123f58d5dfc85fa7edfd8c33ffd9655d,OperationSkip.java,OperationSkip::SkipTimed<T>::SourceObserver<T>::call(),OperationSkip::SkipTimed<T>::SourceObserver<T>::call( Inner inner)
5604c180f173603a8385b130a2b5e5b60e00439c,Functionals.java,Functionals::fromRunnable( Runnable run),Functionals::fromRunnable( Runnable run , Inner inner)
5604c180f173603a8385b130a2b5e5b60e00439c,Functionals.java,Functionals::ActionWrappingRunnable::ActionWrappingRunnable( Runnable run),Functionals::ActionWrappingRunnable::ActionWrappingRunnable( Runnable run , Inner inner)
4bdf08d2fbf7212af53f114ea39e63dcc0e118a7,Functionals.java,Functionals::ActionWrappingRunnable::call(),Functionals::ActionWrappingRunnable::call( Inner inner)
c20c01e866a7001826c942c631166606c052e9a7,ExecutorScheduler.java,ExecutorScheduler::InnerExecutorScheduler::schedule( final Action1<Scheduler.Inner> action),ExecutorScheduler::InnerExecutorScheduler::schedule( final Action1<Scheduler.Inner> action , long delayTime , TimeUnit unit)
cbc1c6b58f2148f47f5e4a1cc8d2d060909dc75c,ExecutorScheduler.java,ExecutorScheduler::InnerExecutorScheduler::schedule( final Action1<Scheduler.Inner> action),ExecutorScheduler::InnerExecutorScheduler::schedule( final Action0 action , long delayTime , TimeUnit unit)
337efeb42f1ec27679632718fd022d98f61efa1a,OperationDelay.java,OperationDelay::DelayViaObservable<T,U,V>::SourceObserver<T,U>::SourceObserver( Observer<?super T> observer , Func1<?super T,?extends Observable<U>> itemDelay , CompositeSubscription csub),OperationDelay::DelayViaObservable<T,U,V>::SourceObserver<T,U>::SourceObserver( Observer<?super T> observer , Func1<?super T,?extends Observable<U>> itemDelay , CompositeSubscription csub , SerialSubscription self)
36845db979a3414418da06507fa3f10ccadf644e,OperatorMerge.java,OperatorMerge<T>::OperatorMerge( boolean delayErrors),OperatorMerge<T>::OperatorMerge( boolean delayErrors , int maxConcurrent)
47a0e1b719d7fe28a3e0dec276b914e52d1270bb,TestObserver.java,TestObserver<T>::TestObserver(),TestObserver<T>::TestObserver( Subscriber<T> delegate)
60af29e59b2a3353fb8727cd7028de15b435b1a5,TestObserver.java,TestObserver<T>::TestObserver(),TestObserver<T>::TestObserver( Observer<T> delegate)
d91794b7123f58d5dfc85fa7edfd8c33ffd9655d,OperationTakeTimed.java,OperationTakeTimed::TakeTimed<T>::SourceObserver<T>::call(),OperationTakeTimed::TakeTimed<T>::SourceObserver<T>::call( Inner inner)
ff5001beb1c912a1acaf9d67c6135bb3c59247bb,TestSubscriber.java,TestSubscriber<T>::TestSubscriber(),TestSubscriber<T>::TestSubscriber( long initialRequest)
2359c94df53a043978fd001ece5d5277ad47d8fa,OperatorDoOnEach.java,OperatorDoOnEach<T>::OperatorDoOnEach( Observer<?super T> doOnEachObserver),OperatorDoOnEach<T>::OperatorDoOnEach( Consumer<?super T> onNext , Consumer<?super Throwable> onError , Runnable onComplete , Runnable onAfterTerminate)
cbc1c6b58f2148f47f5e4a1cc8d2d060909dc75c,ImmediateScheduler.java,ImmediateScheduler::InnerImmediateScheduler::schedule( Action1<Scheduler.Inner> action),ImmediateScheduler::InnerImmediateScheduler::schedule( Action0 action , long delayTime , TimeUnit unit)
cbc1c6b58f2148f47f5e4a1cc8d2d060909dc75c,TestScheduler.java,TestScheduler::InnerTestScheduler::schedule( Action1<Inner> action),TestScheduler::InnerTestScheduler::schedule( Action0 action , long delayTime , TimeUnit unit)
5604c180f173603a8385b130a2b5e5b60e00439c,HandlerThreadScheduler.java,HandlerThreadScheduler::InnerHandlerThreadScheduler::schedule( final Action1<Inner> action),HandlerThreadScheduler::InnerHandlerThreadScheduler::schedule( final Action0 action , long delayTime , TimeUnit unit)
5604c180f173603a8385b130a2b5e5b60e00439c,SwingScheduler.java,SwingScheduler::InnerSwingScheduler::schedule( final Action1<Inner> action),SwingScheduler::InnerSwingScheduler::schedule( final Action0 action , long delayTime , TimeUnit unit)
dc4ee52b8cd46eb48a7e7f60c09db2c87c428823,OperatorSubscribeOn.java,OperatorSubscribeOn<T>::OperatorSubscribeOn( Scheduler scheduler),OperatorSubscribeOn<T>::OperatorSubscribeOn( Scheduler scheduler , boolean dontLoseEvents)
85debff560f2abecbc6088994371510bbfaf820b,OperatorRepeat.java,OperatorRepeat<T>::OperatorRepeat(),OperatorRepeat<T>::OperatorRepeat( Scheduler scheduler)
8bb05b59ae6397eee07f9b50b8ffdceaf6e2f934,OperatorRepeat.java,OperatorRepeat<T>::OperatorRepeat(),OperatorRepeat<T>::OperatorRepeat( long count , Scheduler scheduler)
eb92efdbcbe49bfced1509012860345ee8729488,DebugNotification.java,DebugNotification<T>::createSubscribe( Observer<?super T> o , OnSubscribe<T> source),DebugNotification<T>::createSubscribe( Observer<?super T> o , Observable<?extends T> source , OnSubscribe<T> sourceFunc)
eb92efdbcbe49bfced1509012860345ee8729488,DebugNotification.java,DebugNotification<T>::DebugNotification( Observer o , Operator<?extends T,?> from , Kind kind , Notification<T> notification , Operator<?,?super T> to , OnSubscribe<T> source),DebugNotification<T>::DebugNotification( Observer o , Operator<?extends T,?> from , Kind kind , T value , Throwable throwable , Operator<?,?super T> to , Observable<?extends T> source , OnSubscribe<T> sourceFunc)
d5e5df402bf4d18075dbf11f311793399a682e2e,OperatorObserveOn.java,OperatorObserveOn<T>::OperatorObserveOn( Scheduler scheduler),OperatorObserveOn<T>::OperatorObserveOn( Scheduler scheduler , int bufferSize)
087542cab237f04fb03d69f53f04644ab029def2,OperatorObserveOn.java,OperatorObserveOn<T>::OperatorObserveOn( Scheduler scheduler),OperatorObserveOn<T>::OperatorObserveOn( Scheduler scheduler , boolean delayError , int bufferSize)
d5e5df402bf4d18075dbf11f311793399a682e2e,OperatorObserveOnTest.java,OperatorObserveOnTest::testBackpressureOnFastProducerSlowConsumerWithUnsubscribe( Scheduler scheduler),OperatorObserveOnTest::testBackpressureOnFastProducerSlowConsumerWithUnsubscribe( Scheduler scheduler , int bufferSize)
cbc1c6b58f2148f47f5e4a1cc8d2d060909dc75c,OperatorTimeoutBase.java,OperatorTimeoutBase<T>::OperatorTimeoutBase( FirstTimeoutStub<T> firstTimeoutStub , TimeoutStub<T> timeoutStub , Observable<?extends T> other),OperatorTimeoutBase<T>::OperatorTimeoutBase( FirstTimeoutStub<T> firstTimeoutStub , TimeoutStub<T> timeoutStub , Observable<?extends T> other , Scheduler scheduler)
cbc1c6b58f2148f47f5e4a1cc8d2d060909dc75c,OperatorTimeoutBase.java,OperatorTimeoutBase<T>::TimeoutSubscriber<T>::TimeoutSubscriber( SerializedSubscriber<T> serializedSubscriber , TimeoutStub<T> timeoutStub , SerialSubscription serial , Observable<?extends T> other),OperatorTimeoutBase<T>::TimeoutSubscriber<T>::TimeoutSubscriber( SerializedSubscriber<T> serializedSubscriber , TimeoutStub<T> timeoutStub , SerialSubscription serial , Observable<?extends T> other , Scheduler . Inner inner)
78539f05022cf8572199f91db1488c8e1ec73402,OperatorScan.java,OperatorScan<R,T>::OperatorScan( final Func2<R,?super T,R> accumulator),OperatorScan<R,T>::OperatorScan( final R initialValue , Func2<R,?super T,R> accumulator)
557e18a279e4daa1af563910816bf22429809894,SampleObservables.java,SampleObservables::numberStrings(),SampleObservables::numberStrings( int from , int to , final long delay)
d7037b5c5270c0f6af0381af03d60fc4f916141d,OperatorWeakBinding.java,OperatorWeakBinding<T,R>::OperatorWeakBinding( R bound),OperatorWeakBinding<T,R>::OperatorWeakBinding( R bound , Func1<?super R,Boolean> predicate)
8b3862e679c545bb2185cd0745c1e4cac6ef582a,SerializedObserver.java,SerializedObserver<T>::State::State( int count , boolean onComplete , Throwable onError , Object [ ] queue),SerializedObserver<T>::State::State( boolean shouldProcess , boolean isSomeoneProcessing , int queueSize , boolean onComplete , Throwable onError , Object [ ] queue)
5b317ad827f624bed6cbf5f2e04df050ebbe01d0,SerializedObserverTest.java,SerializedObserverTest::OnNextThread::OnNextThread( Observer<String> Observer , int numStringsToSend),SerializedObserverTest::OnNextThread::OnNextThread( Observer<String> observer , int numStringsToSend , AtomicInteger produced)
9f6e9a4845cbb079584a634d1856bd0b6e4303da,SerializedObserverTest.java,SerializedObserverTest::OnNextThread::OnNextThread( Observer<String> observer , int numStringsToSend),SerializedObserverTest::OnNextThread::OnNextThread( Observer<String> observer , int numStringsToSend , CountDownLatch latch)
b16727cd5437122f73108fe68c7a420f4679b9da,SerializedObserverTest.java,SerializedObserverTest::OnNextThread::OnNextThread( Observer<String> observer , int numStringsToSend),SerializedObserverTest::OnNextThread::OnNextThread( Observer<String> observer , int numStringsToSend , CountDownLatch latch , CountDownLatch running)
6cb1ab6829b90052d808a5b7e606cba8965d6dd6,SerializedObserverTest.java,SerializedObserverTest::OnNextThread::OnNextThread( Observer<String> observer , int numStringsToSend),SerializedObserverTest::OnNextThread::OnNextThread( Subscriber<String> observer , int numStringsToSend , CountDownLatch latch , CountDownLatch running)
1145819b658983807e0cede5ba2c7d5ac1117baa,SerializedObserverTest.java,SerializedObserverTest::OnNextThread::OnNextThread( Subscriber<String> observer , int numStringsToSend),SerializedObserverTest::OnNextThread::OnNextThread( Observer<String> observer , int numStringsToSend , CountDownLatch latch , CountDownLatch running)
2470459f3c79d3ad557104a3fdcc54e53993922a,OperatorSerializePerf.java,OperatorSerializePerf::Input::setup(),OperatorSerializePerf::Input::setup( final BlackHole bh)
2470459f3c79d3ad557104a3fdcc54e53993922a,OperatorSerializePerformance.java,OperatorSerializePerformance::Input::setup(),OperatorSerializePerformance::Input::setup( final BlackHole bh)
4233c2ab1642d7d9446e6ead399b67920758aedf,BlockingOperatorNext.java,BlockingOperatorNext::NextIterator<T>::NextIterator( NextObserver<?extends T> observer),BlockingOperatorNext::NextIterator<T>::NextIterator( Observable<?extends T> items , NextObserver<T> observer)
d429110e6ae2d16183ecfa8243ab4ef36fff0c08,ReplaySubjectPerf.java,ReplaySubjectPerf::subscribeBeforeEvents( final Input input , final Blackhole bh),ReplaySubjectPerf::subscribeBeforeEvents( ReplaySubject<Object> subject , final Input input , final Blackhole bh)
d429110e6ae2d16183ecfa8243ab4ef36fff0c08,ReplaySubjectPerf.java,ReplaySubjectPerf::subscribeAfterEvents( final Input input , final Blackhole bh),ReplaySubjectPerf::subscribeAfterEvents( ReplaySubject<Object> subject , final Input input , final Blackhole bh)
087542cab237f04fb03d69f53f04644ab029def2,OperatorObserveOn.java,OperatorObserveOn<T>::ObserveOnSubscriber<T>::ObserveOnSubscriber( Scheduler scheduler , Subscriber<?super T> child),OperatorObserveOn<T>::ObserveOnSubscriber<T>::ObserveOnSubscriber( Subscriber<?super T> actual , Scheduler . Worker worker , boolean delayError , int bufferSize)
db8c1e741aaec2f905c24f3b44362fc6eb03f990,OperatorSkipLastTimed.java,OperatorSkipLastTimed<T>::OperatorSkipLastTimed( long time , TimeUnit unit , Scheduler scheduler),OperatorSkipLastTimed<T>::OperatorSkipLastTimed( long time , TimeUnit unit , Scheduler scheduler , int bufferSize , boolean delayError)
e616cd323bc767ca1fa02c3d19d1b85978b0cacd,Scheduler.java,Scheduler::Worker::now(),Scheduler::Worker::now( TimeUnit unit)
3e58d902fb08fb87059d7a017b352885dd24f4ba,OperatorMulticast.java,OperatorMulticast<T,R>::connect(),OperatorMulticast<T,R>::connect( Action1<?super Subscription> connection)
12266f392f9804537d0d2235a5365bc7b58c9e4b,OperatorTimeInterval.java,OperatorTimeInterval<T>::OperatorTimeInterval( Scheduler scheduler),OperatorTimeInterval<T>::OperatorTimeInterval( TimeUnit unit , Scheduler scheduler)
339dad2ac7676228c109659d1fc0dabe2372b6b2,OperatorSkipUntil.java,OperatorSkipUntil<T,U>::OperatorSkipUntil( Observable<U> other),OperatorSkipUntil<T,U>::OperatorSkipUntil( Publisher<?extends T> source , Publisher<U> other)
db8c1e741aaec2f905c24f3b44362fc6eb03f990,OperatorTakeLastTimed.java,OperatorTakeLastTimed<T>::OperatorTakeLastTimed( int count , long time , TimeUnit unit , Scheduler scheduler),OperatorTakeLastTimed<T>::OperatorTakeLastTimed( long count , long time , TimeUnit unit , Scheduler scheduler , int bufferSize , boolean delayError)
39d3bd97b2472de77727b00768abc2767aa30624,OperatorWindowWithStartEndObservable.java,OperatorWindowWithStartEndObservable<T,U,V>::SourceSubscriber::SourceSubscriber( Subscriber<?super Observable<T>> child),OperatorWindowWithStartEndObservable<T,U,V>::SourceSubscriber::SourceSubscriber( Subscriber<?super Observable<T>> child , CompositeSubscription csub)
2470459f3c79d3ad557104a3fdcc54e53993922a,InputWithIncrementingInteger.java,InputWithIncrementingInteger::setup(),InputWithIncrementingInteger::setup( final BlackHole bh)
b0e87db05dd8fca53b452d431d197f202f466d23,SubjectSubscriptionManager.java,SubjectSubscriptionManager<T>::SubjectObserver<T>::emitNext( Object n),SubjectSubscriptionManager<T>::SubjectObserver<T>::emitNext( Object n , final NotificationLite<T> nl)
b0e87db05dd8fca53b452d431d197f202f466d23,SubjectSubscriptionManager.java,SubjectSubscriptionManager<T>::SubjectObserver<T>::emitFirst( Object n),SubjectSubscriptionManager<T>::SubjectObserver<T>::emitFirst( Object n , final NotificationLite<T> nl)
b0e87db05dd8fca53b452d431d197f202f466d23,SubjectSubscriptionManager.java,SubjectSubscriptionManager<T>::SubjectObserver<T>::emitLoop( List<Object> localQueue , Object current),SubjectSubscriptionManager<T>::SubjectObserver<T>::emitLoop( List<Object> localQueue , Object current , final NotificationLite<T> nl)
b0e87db05dd8fca53b452d431d197f202f466d23,SubjectSubscriptionManager.java,SubjectSubscriptionManager<T>::SubjectObserver<T>::accept( Object n),SubjectSubscriptionManager<T>::SubjectObserver<T>::accept( Object n , final NotificationLite<T> nl)
2470459f3c79d3ad557104a3fdcc54e53993922a,UseCaseInput.java,UseCaseInput::setup(),UseCaseInput::setup( final BlackHole bh)
cc117734b1840b15bb9f600d1c66c80376b31949,OperatorMerge.java,OperatorMerge<T>::MergeSubscriber<T>::MergeSubscriber( Subscriber<?super T> actual),OperatorMerge<T>::MergeSubscriber<T>::MergeSubscriber( Subscriber<?super T> actual , boolean delayErrors)
36845db979a3414418da06507fa3f10ccadf644e,OperatorMerge.java,OperatorMerge<T>::MergeSubscriber<T>::MergeSubscriber( Subscriber<?super T> actual , boolean delayErrors),OperatorMerge<T>::MergeSubscriber<T>::MergeSubscriber( Subscriber<?super T> child , boolean delayErrors , int maxConcurrent)
97f73fa2465eced4a4b4d75fd346bdb121893883,OperatorMerge.java,OperatorMerge<T>::InnerSubscriber<T>::InnerSubscriber( MergeSubscriber<T> parent),OperatorMerge<T>::InnerSubscriber<T>::InnerSubscriber( MergeSubscriber<T> parent , MergeProducer<T> producer)
97f73fa2465eced4a4b4d75fd346bdb121893883,OperatorObserveOn.java,OperatorObserveOn<T>::ScheduledUnsubscribe::ScheduledUnsubscribe( Scheduler . Worker worker),OperatorObserveOn<T>::ScheduledUnsubscribe::ScheduledUnsubscribe( Scheduler . Worker worker , RxRingBuffer queue)
d000c1035b5a4134b12c7ef5198aa8487451e54e,OperatorRetryWithPredicate.java,OperatorRetryWithPredicate<T>::SourceSubscriber<T>::SourceSubscriber( Subscriber<?super T> child , final Func2<Integer,Throwable,Boolean> predicate , Scheduler . Worker inner , SerialSubscription serialSubscription),OperatorRetryWithPredicate<T>::SourceSubscriber<T>::SourceSubscriber( Subscriber<?super T> child , final Func2<Integer,Throwable,Boolean> predicate , Scheduler . Worker inner , SerialSubscription serialSubscription , ProducerArbiter pa)
02442238766e644ee05fbbd1340d58ae25f91275,OnSubscribeRefCount.java,OnSubscribeRefCount<T>::disconnect(),OnSubscribeRefCount<T>::disconnect( final CompositeSubscription current)
290602edd6bee476afef7c0a03ce48d3d893533c,Observable.java,Observable<T>::onBackpressureDrop(),Observable<T>::onBackpressureDrop( Action1<?super T> onDrop)
af275628baa8e62e2e00271ee08fff01de77845a,OperatorOnBackpressureBuffer.java,OperatorOnBackpressureBuffer<T>::pollQueue( AtomicLong wip , AtomicLong requested , Queue<Object> queue , Subscriber<?super T> child),OperatorOnBackpressureBuffer<T>::pollQueue( AtomicLong wip , AtomicLong requested , AtomicLong capacity , Queue<Object> queue , Subscriber<?super T> child)
9b5aefd31d4c008a64a3cc77eae20663edc0a775,RxRingBuffer.java,RxRingBuffer::RxRingBuffer(),RxRingBuffer::RxRingBuffer( Queue<Object> queue , int size)
f9a972272ab9cf5265c652efa8e8eda9d465008d,RxRingBuffer.java,RxRingBuffer::RxRingBuffer(),RxRingBuffer::RxRingBuffer( Queue queue , int size)
10e5b12951bd8eb36e00af2cd8cb0fc84bfdc499,RxRingBuffer.java,RxRingBuffer::RxRingBuffer(),RxRingBuffer::RxRingBuffer( Queue<Object> queue , int size)
9043a4ff54f2ccefbd0448ac54a9cf787800236b,Observable.java,Observable<T>::repeatWhen( Func1<?super Observable<?extends Notification<?>>,?extends Observable<?extends Notification<?>>> notificationHandler),Observable<T>::repeatWhen( Func1<?super Observable<?extends Notification<?>>,?extends Observable<?>> notificationHandler , Scheduler scheduler)
64eebf526b4f9e17b5b8f7e79ed785ab46c19f12,Observable.java,Observable<T>::repeatWhen( Func1<?super Observable<?extends Notification<?>>,?extends Observable<?>> notificationHandler),Observable<T>::repeatWhen( Func1<?super Observable<?extends Notification<?>>,?extends Observable<?extends Notification<?>>> notificationHandler , Scheduler scheduler)
9f5e5120f0628fc9134aa3b1ada7219d04e8f9b1,Observable.java,Observable<T>::repeatWhen( Func1<?super Observable<?extends Notification<?>>,?extends Observable<?extends Notification<?>>> notificationHandler),Observable<T>::repeatWhen( Func1<?super Observable<?extends Notification<?>>,?extends Observable<?>> notificationHandler , Scheduler scheduler)
d1282eec387fb140b3695ac016f828a7e181a95c,Observable.java,Observable<T>::repeatWhen( Func1<?super Observable<?extends Notification<?>>,?extends Observable<?>> notificationHandler),Observable<T>::repeatWhen( final Func1<?super Observable<?extends Void>,?extends Observable<?>> notificationHandler , Scheduler scheduler)
ffe0fa1c7e6f38a668d1650c1409a9eb81604788,OnSubscribeUsing.java,OnSubscribeUsing<T,Resource>::OnSubscribeUsing( Func0<Resource> resourceFactory , Func1<?super Resource,?extends Observable<?extends T>> observableFactory , Action1<?super Resource> dispose),OnSubscribeUsing<T,Resource>::OnSubscribeUsing( Func0<Resource> resourceFactory , Func1<?super Resource,?extends Observable<?extends T>> observableFactory , Action1<?super Resource> dispose , boolean disposeEagerly)
c4c31400785e567faa931668a15f04bdf8e78520,OperatorPublish.java,OperatorPublish<T>::OperatorPublish( OnSubscribe<T> onSubscribe , Observable<?extends T> source , final AtomicReference<PublishSubscriber<T>> current),OperatorPublish<T>::OperatorPublish( Publisher<T> onSubscribe , Publisher<?extends T> source , final AtomicReference<PublishSubscriber<T>> current , int bufferSize)
77c5643180ab875b3fa7f4e61ce9191014b85f38,OperatorPublish.java,OperatorPublish<T>::State<T>::resetAfterSubscriberUpdate(),OperatorPublish<T>::State<T>::resetAfterSubscriberUpdate( Map<Subscriber<?super T>,AtomicLong> subs)
e39599cc4fc01864d6aa1297b85c414d53bc97a2,OperatorPublish.java,OperatorPublish<T>::RequestHandler<T>::drainQueue(),OperatorPublish<T>::RequestHandler<T>::drainQueue( OriginSubscriber<T> originSubscriber)
061cdb685c3d3a73b90e1af81aed2f3ff4166630,OperatorMerge.java,OperatorMerge<T>::MergeSubscriber<T>::innerError( Throwable e),OperatorMerge<T>::MergeSubscriber<T>::innerError( Throwable e , boolean parent)
12fea00b6de53f7363a528b1c3355326e41a926d,OperatorOnBackpressureBuffer.java,OperatorOnBackpressureBuffer<T>::OperatorOnBackpressureBuffer( long capacity , Action0 onOverflow),OperatorOnBackpressureBuffer<T>::OperatorOnBackpressureBuffer( int bufferSize , boolean unbounded , boolean delayError)
3061b7c8fa8ec79bbbabd60d7056de3861509c9a,OperatorOnBackpressureBuffer.java,OperatorOnBackpressureBuffer<T>::OperatorOnBackpressureBuffer( int bufferSize , boolean unbounded , boolean delayError),OperatorOnBackpressureBuffer<T>::OperatorOnBackpressureBuffer( int bufferSize , boolean unbounded , boolean delayError , Runnable onOverflow)
39916953473c780a4d38982d77742e3d8cc1b6ee,OperatorSwitchIfEmpty.java,OperatorSwitchIfEmpty<T>::SwitchIfEmptySubscriber::SwitchIfEmptySubscriber( Subscriber<?super T> child),OperatorSwitchIfEmpty<T>::SwitchIfEmptySubscriber::SwitchIfEmptySubscriber( Subscriber<?super T> child , final SerialSubscription ssub)
8ad226067434cd39ce493b336bd0659778625959,BlockingObservableTest.java,BlockingObservableTest::InterruptionTests::startBlockingAndInterrupt( final Action1<BlockingObservable<Void>> blockingAction),BlockingObservableTest::InterruptionTests::startBlockingAndInterrupt( final Observable<T> observable , final Action1<BlockingObservable<T>> blockingAction)
7163288b11a67ddf6a155b7af4916d6b206a688e,CompositeSubscriptionPerf.java,CompositeSubscriptionPerf::addRemoveLocal( TheState state),CompositeSubscriptionPerf::addRemoveLocal( TheState state , Blackhole bh)
7163288b11a67ddf6a155b7af4916d6b206a688e,CompositeSubscriptionPerf.java,CompositeSubscriptionPerf::addClearLocal( TheState state),CompositeSubscriptionPerf::addClearLocal( TheState state , Blackhole bh)
7163288b11a67ddf6a155b7af4916d6b206a688e,MultipleAssignmentSubscriptionPerf.java,MultipleAssignmentSubscriptionPerf::addLocal( TheState state),MultipleAssignmentSubscriptionPerf::addLocal( TheState state , Blackhole bh)
7163288b11a67ddf6a155b7af4916d6b206a688e,SerialSubscriptionPerf.java,SerialSubscriptionPerf::addLocal( TheState state),SerialSubscriptionPerf::addLocal( TheState state , Blackhole bh)
7163288b11a67ddf6a155b7af4916d6b206a688e,SubscriptionListPerf.java,SubscriptionListPerf::addClearLocal( TheState state),SubscriptionListPerf::addClearLocal( TheState state , Blackhole bh)
03332a28cce14bed3ea93d227c712489c14c0626,SingleDelayedProducer.java,SingleDelayedProducer<T>::emit(),SingleDelayedProducer<T>::emit( Subscriber<?super T> c , T v)
c4c31400785e567faa931668a15f04bdf8e78520,OperatorPublish.java,OperatorPublish<T>::PublishSubscriber<T>::PublishSubscriber( AtomicReference<PublishSubscriber<T>> current),OperatorPublish<T>::PublishSubscriber<T>::PublishSubscriber( AtomicReference<PublishSubscriber<T>> current , int bufferSize)
000a174d87a901135f9665d3b11f3627fd2dc4ed,OperatorReplay.java,OperatorReplay<T>::Node::Node( Object value),OperatorReplay<T>::Node::Node( Object value , long index)
c4c31400785e567faa931668a15f04bdf8e78520,OperatorReplay.java,OperatorReplay<T>::SizeAndTimeBoundReplayBuffer<T>::SizeAndTimeBoundReplayBuffer( int limit , long maxAgeInMillis , Scheduler scheduler),OperatorReplay<T>::SizeAndTimeBoundReplayBuffer<T>::SizeAndTimeBoundReplayBuffer( int limit , long maxAge , TimeUnit unit , Scheduler scheduler)
000a174d87a901135f9665d3b11f3627fd2dc4ed,TerminalAtomicsHelper.java,terminate( AtomicReference<U> instance , U terminalValue),terminate( AtomicReference<U> instance , U terminalValue , Consumer<?super U> onTerminate)
835e4f2a007ae11f9fbb4b04342d6a56df9c2709,AsyncSubject.java,AsyncSubject<T>::State<T>::terminate(),AsyncSubject<T>::State<T>::terminate( Object notification)
f53e02994ff9f53b33e1e2665d31f63a4c185f62,SingleScheduler.java,SingleScheduler::createExecutor(),SingleScheduler::createExecutor( ThreadFactory threadFactory)
0705001df0b52334829b2e4963469533618f14cb,RxJavaPlugins.java,RxJavaPlugins::onSubscribe( Observer<T> subscriber),RxJavaPlugins::onSubscribe( Flowable<T> source , Subscriber<?super T> subscriber)
f53e02994ff9f53b33e1e2665d31f63a4c185f62,ComputationScheduler.java,ComputationScheduler::FixedSchedulerPool::FixedSchedulerPool( int maxThreads),ComputationScheduler::FixedSchedulerPool::FixedSchedulerPool( int maxThreads , ThreadFactory threadFactory)
87208280d40ee23ab5499b08c5664dc1826d5c3a,TestScheduler.java,TestScheduler::TestWorker::schedule( Runnable run),TestScheduler::TestWorker::schedule( @ NonNull Runnable run , long delayTime , @ NonNull TimeUnit unit)
3061b7c8fa8ec79bbbabd60d7056de3861509c9a,OperatorOnBackpressureBuffer.java,OperatorOnBackpressureBuffer<T>::BackpressureBufferSubscriber<T>::BackpressureBufferSubscriber( Subscriber<?super T> actual , int bufferSize , boolean unbounded , boolean delayError),OperatorOnBackpressureBuffer<T>::BackpressureBufferSubscriber<T>::BackpressureBufferSubscriber( Subscriber<?super T> actual , int bufferSize , boolean unbounded , boolean delayError , Runnable onOverflow)
991ae3486ba9509f114a7645429126ef1322634a,Observable.java,Observable<T>::validateBufferSize( int bufferSize),Observable<T>::validateBufferSize( int bufferSize , String paramName)
4c3d19bfbda6d20e52a6f9f399778a7a50826282,UnicastSubject.java,UnicastSubject<T>::State<T>::State( int capacityHint),UnicastSubject<T>::State<T>::State( int capacityHint , Runnable onCancelled)
b51cc2152c2f110bc25006449caa896c12afa4b5,OperatorDebounce.java,OperatorDebounce<T,U>::DebounceSubscriber<T,U>::DebounceInnerSubscriber<T,U>::DebounceInnerSubscriber( DebounceSubscriber<T,U> parent),OperatorDebounce<T,U>::DebounceSubscriber<T,U>::DebounceInnerSubscriber<T,U>::DebounceInnerSubscriber( DebounceSubscriber<T,U> parent , long index , T value)
596f77f905069911f2d9046046afbd61966b54fd,Observable.java,Observable<T>::timeout0( Supplier<?extends Observable<U>> firstTimeoutSelector , Function<?super T,?extends Observable<V>> timeoutSelector , Observable<?extends T> other),Observable<T>::timeout0( long timeout , TimeUnit timeUnit , ObservableConsumable<?extends T> other , Scheduler scheduler)
2de974aa65a226fe10190fa0881f576814459d42,Observable.java,Observable<T>::timeout0( Callable<?extends ObservableConsumable<U>> firstTimeoutSelector , Function<?super T,?extends ObservableConsumable<V>> timeoutSelector , ObservableConsumable<?extends T> other),Observable<T>::timeout0( long timeout , TimeUnit timeUnit , ObservableSource<?extends T> other , Scheduler scheduler)
6f1cb00ff8443515131e49275748252358c55725,EmptySubscriber.java,EmptySubscriber( boolean reportError),EmptySubscriber( boolean reportError , boolean cancelSubscription)
835e4f2a007ae11f9fbb4b04342d6a56df9c2709,Observable.java,Observable<T>::concatArray( Publisher<?extends T> ... sources),Observable<T>::concatArray( int prefetch , Observable<?extends T> ... sources)
596f77f905069911f2d9046046afbd61966b54fd,Observable.java,Observable<T>::concatArray( Observable<?extends T> ... sources),Observable<T>::concatArray( int prefetch , ObservableConsumable<?extends T> ... sources)
2de974aa65a226fe10190fa0881f576814459d42,Observable.java,Observable<T>::concatArray( ObservableConsumable<?extends T> ... sources),Observable<T>::concatArray( int prefetch , ObservableSource<?extends T> ... sources)
216082ce21b67516bc3bef015e3acaba7d28fc06,NbpObservable.java,NbpObservable<T>::merge( NbpObservable<?extends NbpObservable<?extends T>> sources),NbpObservable<T>::merge( int maxConcurrency , int bufferSize , Iterable<?extends NbpObservable<?extends T>> sources)
216082ce21b67516bc3bef015e3acaba7d28fc06,NbpObservable.java,NbpObservable<T>::mergeDelayError( NbpObservable<?extends NbpObservable<?extends T>> sources),NbpObservable<T>::mergeDelayError( boolean delayErrors , Iterable<?extends NbpObservable<?extends T>> sources)
7a4d6330da7db2b954062b5b5fc042433db9c06a,SingleOperatorFlatMap.java,SingleOperatorFlatMap<T,R>::SingleOperatorFlatMap( Function<?super T,?extends Single<?extends R>> mapper),SingleOperatorFlatMap<T,R>::SingleOperatorFlatMap( SingleConsumable<?extends T> source , Function<?super T,?extends SingleConsumable<?extends R>> mapper)
596f77f905069911f2d9046046afbd61966b54fd,NbpOperatorObserveOn.java,NbpOperatorObserveOn<T>::NbpOperatorObserveOn( Scheduler scheduler , boolean delayError , int bufferSize),NbpOperatorObserveOn<T>::NbpOperatorObserveOn( ObservableConsumable<?extends T> source , Scheduler scheduler , boolean delayError , int bufferSize)
596f77f905069911f2d9046046afbd61966b54fd,NbpOperatorTake.java,NbpOperatorTake<T>::NbpOperatorTake( long limit),NbpOperatorTake<T>::NbpOperatorTake( ObservableConsumable<?extends T> source , long limit)
3fd1cc8441f3409d68d6d4dc25142c79feb16649,NbpEmptySubscriber.java,NbpEmptySubscriber( boolean reportError),NbpEmptySubscriber( boolean reportError , boolean disposeDisposable)
0705001df0b52334829b2e4963469533618f14cb,Completable.java,Completable::doOnLifecycle( final Consumer<?super Disposable> onSubscribe , final Consumer<?super Throwable> onError , final Runnable onComplete , final Runnable onAfterComplete , final Runnable onDisposed),Completable::doOnLifecycle( final Consumer<?super Disposable> onSubscribe , final Consumer<?super Throwable> onError , final Runnable onComplete , final Runnable onTerminate , final Runnable onAfterTerminate , final Runnable onDisposed)
5ae5478358bca16364e153b498f65f9c4546de4e,Flowable.java,Flowable<T>::create( Publisher<T> onSubscribe),Flowable<T>::create( FlowableSource<T> source , FlowableEmitter . BackpressureMode mode)
cb427c56705986bac1012a433a0b17e6bcba1f5a,Flowable.java,Flowable<T>::switchOnNext( Publisher<?extends Publisher<?extends T>> sources),Flowable<T>::switchOnNext( Publisher<?extends Publisher<?extends T>> sources , int bufferSize)
9099f90e2281e388385663c37eeaf4b5917987ae,Flowable.java,Flowable<T>::validateBufferSize( int bufferSize),Flowable<T>::validateBufferSize( int bufferSize , String paramName)
5688cc8ad6fb20dde449ba71138de278baba86ea,Flowable.java,Flowable<T>::doOnEach( final Subscriber<?super T> observer),Flowable<T>::doOnEach( Consumer<?super T> onNext , Consumer<?super Throwable> onError , Action onComplete , Action onAfterTerminate)
b58642b1ed95c8f54666667fdba73be874db1986,Flowable.java,Flowable<T>::timeout0( Publisher<U> firstTimeoutIndicator , Function<?super T,?extends Publisher<V>> itemTimeoutIndicator , Publisher<?extends T> other),Flowable<T>::timeout0( long timeout , TimeUnit timeUnit , Publisher<?extends T> other , Scheduler scheduler)
0705001df0b52334829b2e4963469533618f14cb,CompletablePeek.java,CompletablePeek::CompletablePeek( CompletableConsumable source , Consumer<?super Disposable> onSubscribe , Consumer<?super Throwable> onError , Runnable onComplete , Runnable onAfterComplete , Runnable onDisposed),CompletablePeek::CompletablePeek( CompletableConsumable source , Consumer<?super Disposable> onSubscribe , Consumer<?super Throwable> onError , Runnable onComplete , Runnable onTerminate , Runnable onAfterTerminate , Runnable onDisposed)
ad8ca8e587be6f7836e5c76707248ac955af54e3,SingleDelay.java,SingleDelay<T>::SingleDelay( SingleSource<?extends T> source , long time , TimeUnit unit , Scheduler scheduler),SingleDelay<T>::SingleDelay( SingleSource<?extends T> source , long time , TimeUnit unit , Scheduler scheduler , boolean delayError)
b3f64d9af1da0f9d94bfebebec89feb240a9b2cb,FlowableCache.java,FlowableCache<T>::FlowableCache( CacheState<T> state),FlowableCache<T>::FlowableCache( Flowable<T> source , CacheState<T> state)
8429dc7671e2b26b6048ab47fa59e286dd77bf0c,FlowableElementAt.java,FlowableElementAt<T>::FlowableElementAt( Publisher<T> source , long index , T defaultValue),FlowableElementAt<T>::FlowableElementAt( Publisher<T> source , long index , T defaultValue , boolean errorOnFewer)
8429dc7671e2b26b6048ab47fa59e286dd77bf0c,FlowableElementAt.java,FlowableElementAt<T>::ElementAtSubscriber<T>::ElementAtSubscriber( Subscriber<?super T> actual , long index , T defaultValue),FlowableElementAt<T>::ElementAtSubscriber<T>::ElementAtSubscriber( Subscriber<?super T> actual , long index , T defaultValue , boolean errorOnFewer)
10210e610c38e0e03b324099c66ab4c0a8fa1fad,FlowableGroupBy.java,FlowableGroupBy<T,K,V>::FlowableGroupBy( Flowable<T> source , Function<?super T,?extends K> keySelector , Function<?super T,?extends V> valueSelector , int bufferSize , boolean delayError),FlowableGroupBy<T,K,V>::FlowableGroupBy( Flowable<T> source , Function<?super T,?extends K> keySelector , Function<?super T,?extends V> valueSelector , int bufferSize , boolean delayError , Function<?super Consumer<Object>,?extends Map<K,Object>> mapFactory)
10210e610c38e0e03b324099c66ab4c0a8fa1fad,FlowableGroupBy.java,FlowableGroupBy<T,K,V>::GroupBySubscriber<T,K,V>::GroupBySubscriber( Subscriber<?super GroupedFlowable<K,V>> actual , Function<?super T,?extends K> keySelector , Function<?super T,?extends V> valueSelector , int bufferSize , boolean delayError),FlowableGroupBy<T,K,V>::GroupBySubscriber<T,K,V>::GroupBySubscriber( Subscriber<?super GroupedFlowable<K,V>> actual , Function<?super T,?extends K> keySelector , Function<?super T,?extends V> valueSelector , int bufferSize , boolean delayError , Map<Object,GroupedUnicast<K,V>> groups , Queue<GroupedUnicast<K,V>> evictedGroups)
3634c92cb6a8199b8022ffb3bd8e2a65da9c18f0,FlowableOnBackpressureLatest.java,FlowableOnBackpressureLatest<T>::BackpressureLatestSubscriber<T>::checkTerminated( boolean d , boolean empty , Subscriber <?> a),FlowableOnBackpressureLatest<T>::BackpressureLatestSubscriber<T>::checkTerminated( boolean d , boolean empty , Subscriber <?> a , AtomicReference<T> q)
71330c06186d72548a3443e8b22ef52d995d0e64,FlowableSamplePublisher.java,FlowableSamplePublisher<T>::FlowableSamplePublisher( Publisher<T> source , Publisher <?> other),FlowableSamplePublisher<T>::FlowableSamplePublisher( Publisher<T> source , Publisher <?> other , boolean emitLast)
71330c06186d72548a3443e8b22ef52d995d0e64,FlowableSampleTimed.java,FlowableSampleTimed<T>::FlowableSampleTimed( Publisher<T> source , long period , TimeUnit unit , Scheduler scheduler),FlowableSampleTimed<T>::FlowableSampleTimed( Publisher<T> source , long period , TimeUnit unit , Scheduler scheduler , boolean emitLast)
28d13528c8eac75e454f567af6af41c84beb8bae,FlowableScanSeed.java,FlowableScanSeed<T,R>::ScanSeedSubscriber<T,R>::ScanSeedSubscriber( Subscriber<?super R> actual , BiFunction<R,?super T,R> accumulator , R value),FlowableScanSeed<T,R>::ScanSeedSubscriber<T,R>::ScanSeedSubscriber( Subscriber<?super R> actual , BiFunction<R,?super T,R> accumulator , R value , int prefetch)
f59ce00934a65b880cbe5b7e06436f85e73187d9,FlowableSequenceEqual.java,FlowableSequenceEqual<T>::EqualCoordinator<T>::subscribe(),FlowableSequenceEqual<T>::EqualCoordinator<T>::subscribe( Publisher<?extends T> source1 , Publisher<?extends T> source2)
7bdcb594806db8dce8a5ed1ad8f149269905731f,FlowableSingle.java,FlowableSingle<T>::FlowableSingle( Flowable<T> source , T defaultValue),FlowableSingle<T>::FlowableSingle( Flowable<T> source , T defaultValue , boolean failOnEmpty)
7bdcb594806db8dce8a5ed1ad8f149269905731f,FlowableSingle.java,FlowableSingle<T>::SingleElementSubscriber<T>::SingleElementSubscriber( Subscriber<?super T> actual , T defaultValue),FlowableSingle<T>::SingleElementSubscriber<T>::SingleElementSubscriber( Subscriber<?super T> actual , T defaultValue , boolean failOnEmpty)
ea03b91a274c189d5c6f62c6864a4bcf5b33d7fa,FlowableSubscribeOn.java,FlowableSubscribeOn<T>::FlowableSubscribeOn( Publisher<T> source , Scheduler scheduler),FlowableSubscribeOn<T>::FlowableSubscribeOn( Publisher<T> source , Scheduler scheduler , boolean nonScheduledRequests)
98d0b7f2ec63544890d029282dc2ff3f611b987a,FlowableSubscribeOn.java,FlowableSubscribeOn<T>::SubscribeOnSubscriber<T>::SubscribeOnSubscriber( Subscriber<?super T> actual , Scheduler . Worker worker),FlowableSubscribeOn<T>::SubscribeOnSubscriber<T>::SubscribeOnSubscriber( Subscriber<?super T> actual , Scheduler . Worker worker , Publisher<T> source)
ea03b91a274c189d5c6f62c6864a4bcf5b33d7fa,FlowableSubscribeOn.java,FlowableSubscribeOn<T>::SubscribeOnSubscriber<T>::SubscribeOnSubscriber( Subscriber<?super T> actual , Scheduler . Worker worker , Publisher<T> source),FlowableSubscribeOn<T>::SubscribeOnSubscriber<T>::SubscribeOnSubscriber( Subscriber<?super T> actual , Scheduler . Worker worker , Publisher<T> source , boolean nonScheduledRequests)
5688cc8ad6fb20dde449ba71138de278baba86ea,FlowableSwitchMap.java,FlowableSwitchMap<T,R>::FlowableSwitchMap( Publisher<T> source , Function<?super T,?extends Publisher<?extends R>> mapper , int bufferSize),FlowableSwitchMap<T,R>::FlowableSwitchMap( Publisher<T> source , Function<?super T,?extends Publisher<?extends R>> mapper , int bufferSize , boolean delayErrors)
5688cc8ad6fb20dde449ba71138de278baba86ea,FlowableSwitchMap.java,FlowableSwitchMap<T,R>::SwitchMapSubscriber<T,R>::SwitchMapSubscriber( Subscriber<?super R> actual , Function<?super T,?extends Publisher<?extends R>> mapper , int bufferSize),FlowableSwitchMap<T,R>::SwitchMapSubscriber<T,R>::SwitchMapSubscriber( Subscriber<?super R> actual , Function<?super T,?extends Publisher<?extends R>> mapper , int bufferSize , boolean delayErrors)
f59ce00934a65b880cbe5b7e06436f85e73187d9,FlowableZip.java,FlowableZip<T,R>::ZipCoordinator<T,R>::ZipCoordinator( Subscriber<?super R> actual , Function<?super Object[],?extends R> zipper , int n , int prefetch),FlowableZip<T,R>::ZipCoordinator<T,R>::ZipCoordinator( Subscriber<?super R> actual , Function<?super Object[],?extends R> zipper , int n , int prefetch , boolean delayErrors)
af3107cd4c0c848d6956a1a1082cd0b3180ac5d4,FlowableZip.java,FlowableZip<T,R>::ZipSubscriber<T,R>::ZipSubscriber( ZipCoordinator<T,R> parent , int bufferSize),FlowableZip<T,R>::ZipSubscriber<T,R>::ZipSubscriber( ZipCoordinator<T,R> parent , int prefetch , int index)
ec4eb4f3bcd0a0c2d4e17571c8f4320ee864fd5c,SubscriptionHelper.java,cancel(),cancel( AtomicReference<Subscription> field)
3a3d4df907f8e54d628b827a65f4869df3329e98,ObservableCache.java,ObservableCache<T>::ObservableCache( CacheState<T> state),ObservableCache<T>::ObservableCache( Observable<T> source , CacheState<T> state)
ba6f392de399856c3d5ee48bbd5348aa67ce2866,ObservableRedo.java,ObservableRedo<T>::ObservableRedo( ObservableSource<T> source , Function<?super Observable<Notification<Object>>,?extends ObservableSource<?>> manager),ObservableRedo<T>::ObservableRedo( ObservableSource<T> source , Function<?super Observable<Notification<Object>>,?extends ObservableSource<?>> manager , boolean retryMode)
f53e02994ff9f53b33e1e2665d31f63a4c185f62,IoScheduler.java,IoScheduler::CachedWorkerPool::CachedWorkerPool( long keepAliveTime , TimeUnit unit),IoScheduler::CachedWorkerPool::CachedWorkerPool( long keepAliveTime , TimeUnit unit , ThreadFactory threadFactory)
60bf4fc559bac80ae5d53793ec008cfee067f29f,ObservableConcatMap.java,ObservableConcatMap<T,U>::ObservableConcatMap( ObservableSource<T> source , Function<?super T,?extends ObservableSource<?extends U>> mapper , int bufferSize),ObservableConcatMap<T,U>::ObservableConcatMap( ObservableSource<T> source , Function<?super T,?extends ObservableSource<?extends U>> mapper , int bufferSize , ErrorMode delayErrors)
8429dc7671e2b26b6048ab47fa59e286dd77bf0c,ObservableElementAt.java,ObservableElementAt<T>::ObservableElementAt( ObservableSource<T> source , long index , T defaultValue),ObservableElementAt<T>::ObservableElementAt( ObservableSource<T> source , long index , T defaultValue , boolean errorOnFewer)
71330c06186d72548a3443e8b22ef52d995d0e64,ObservableSampleTimed.java,ObservableSampleTimed<T>::ObservableSampleTimed( ObservableSource<T> source , long period , TimeUnit unit , Scheduler scheduler),ObservableSampleTimed<T>::ObservableSampleTimed( ObservableSource<T> source , long period , TimeUnit unit , Scheduler scheduler , boolean emitLast)
71330c06186d72548a3443e8b22ef52d995d0e64,ObservableSampleWithObservable.java,ObservableSampleWithObservable<T>::ObservableSampleWithObservable( ObservableSource<T> source , ObservableSource <?> other),ObservableSampleWithObservable<T>::ObservableSampleWithObservable( ObservableSource<T> source , ObservableSource <?> other , boolean emitLast)
7a1a4afad2984fb95265ec0af061fd1e87f0b75b,ObservableSwitchMap.java,ObservableSwitchMap<T,R>::ObservableSwitchMap( ObservableSource<T> source , Function<?super T,?extends ObservableSource<?extends R>> mapper , int bufferSize),ObservableSwitchMap<T,R>::ObservableSwitchMap( ObservableSource<T> source , Function<?super T,?extends ObservableSource<?extends R>> mapper , int bufferSize , boolean delayErrors)
7a1a4afad2984fb95265ec0af061fd1e87f0b75b,ObservableSwitchMap.java,ObservableSwitchMap<T,R>::SwitchMapSubscriber<T,R>::SwitchMapSubscriber( Observer<?super R> actual , Function<?super T,?extends ObservableSource<?extends R>> mapper , int bufferSize),ObservableSwitchMap<T,R>::SwitchMapSubscriber<T,R>::SwitchMapSubscriber( Observer<?super R> actual , Function<?super T,?extends ObservableSource<?extends R>> mapper , int bufferSize , boolean delayErrors)
f59ce00934a65b880cbe5b7e06436f85e73187d9,FlowableZip.java,FlowableZip<T,R>::ZipCoordinator<T,R>::error( Throwable e),FlowableZip<T,R>::ZipCoordinator<T,R>::error( ZipSubscriber<T,R> inner , Throwable e)
41cfbf643459306069411b43ee5ab2287576e6e5,UnicastProcessor.java,UnicastProcessor<T>::checkTerminated( boolean d , boolean empty , Subscriber<?super T> a , SpscLinkedArrayQueue<T> q),UnicastProcessor<T>::checkTerminated( boolean failFast , boolean d , boolean empty , Subscriber<?super T> a , SpscLinkedArrayQueue<T> q)
ff3c5d0aa45494c90f3b83505315ed73835f67a9,SingleFromObservable.java,SingleFromObservable<T>::SingleFromObservable( Observable<T> upstream),SingleFromObservable<T>::SingleFromObservable( Observable<T> upstream , T defaultValue)
a2cb6ab4ba852cf35bbb98a580e5c61819722b31,SingleSubscribeOn.java,SingleSubscribeOn<T>::SubscribeOnObserver<T>::SubscribeOnObserver( SingleObserver<?super T> actual),SingleSubscribeOn<T>::SubscribeOnObserver<T>::SubscribeOnObserver( SingleObserver<?super T> actual , SingleSource<?extends T> source)
a2cb6ab4ba852cf35bbb98a580e5c61819722b31,CompletableSubscribeOn.java,CompletableSubscribeOn::SubscribeOnObserver::SubscribeOnObserver( CompletableObserver actual),CompletableSubscribeOn::SubscribeOnObserver::SubscribeOnObserver( CompletableObserver actual , CompletableSource source)
460c79aaaf7ee0a9bf3ca79e7fd60881777edd1d,Maybe.java,Maybe<T>::delay( Publisher<U> delayIndicator),Maybe<T>::delay( long delay , TimeUnit unit)
ff3c5d0aa45494c90f3b83505315ed73835f67a9,Maybe.java,Maybe<T>::toSingle(),Maybe<T>::toSingle( T defaultValue)
ff3c5d0aa45494c90f3b83505315ed73835f67a9,MaybeToSingle.java,MaybeToSingle<T>::MaybeToSingle( MaybeSource<T> source),MaybeToSingle<T>::MaybeToSingle( MaybeSource<T> source , T defaultValue)
ff3c5d0aa45494c90f3b83505315ed73835f67a9,MaybeToSingle.java,MaybeToSingle<T>::ToSingleMaybeSubscriber<T>::ToSingleMaybeSubscriber( SingleObserver<?super T> actual),MaybeToSingle<T>::ToSingleMaybeSubscriber<T>::ToSingleMaybeSubscriber( SingleObserver<?super T> actual , T defaultValue)
1145819b658983807e0cede5ba2c7d5ac1117baa,SafeSubscriberTest.java,SafeSubscriberTest::CrashDummy::CrashDummy( boolean crashOnSubscribe , int crashOnNext , boolean crashOnError , boolean crashOnComplete , boolean crashDispose),SafeSubscriberTest::CrashDummy::CrashDummy( boolean crashOnSubscribe , int crashOnNext , boolean crashOnError , boolean crashOnComplete , boolean crashDispose , boolean crashRequest)
45cc53db6d9211a8fc2f62b8167ed54d4f7fda83,SerializedSubscriberTest.java,SerializedSubscriberTest::OnNextThread::OnNextThread( Subscriber<String> observer , int numStringsToSend),SerializedSubscriberTest::OnNextThread::OnNextThread( Subscriber<String> subscriber , int numStringsToSend , CountDownLatch latch , CountDownLatch running)
8429dc7671e2b26b6048ab47fa59e286dd77bf0c,ObservableElementAt.java,ObservableElementAt<T>::ElementAtObserver<T>::ElementAtObserver( Observer<?super T> actual , long index , T defaultValue),ObservableElementAt<T>::ElementAtObserver<T>::ElementAtObserver( Observer<?super T> actual , long index , T defaultValue , boolean errorOnFewer)
ba6f392de399856c3d5ee48bbd5348aa67ce2866,ObservableRedo.java,ObservableRedo<T>::RedoObserver<T>::RedoObserver( Observer<?super T> actual , Subject<Notification<Object>> subject , ObservableSource<?extends T> source),ObservableRedo<T>::RedoObserver<T>::RedoObserver( Observer<?super T> actual , Subject<Notification<Object>> subject , ObservableSource<?extends T> source , boolean retryMode)
3bfc275ca2f8d14a67305bbadb7bbc6315205250,ParallelFromPublisher.java,ParallelFromPublisher<T>::ParallelDispatcher<T>::cancel(),ParallelFromPublisher<T>::ParallelDispatcher<T>::cancel( int m)
3bfc275ca2f8d14a67305bbadb7bbc6315205250,ParallelJoin.java,ParallelJoin<T>::ParallelJoin( ParallelFlowable<?extends T> source , int prefetch),ParallelJoin<T>::ParallelJoin( ParallelFlowable<?extends T> source , int prefetch , boolean delayErrors)
27c63b6a4c2074657aed4e7ee6e39a52173bbed5,CompletableDelay.java,CompletableDelay::Delay::Delay( CompositeDisposable set , CompletableObserver s),CompletableDelay::Delay::Delay( CompletableObserver downstream , long delay , TimeUnit unit , Scheduler scheduler , boolean delayError)
6126752a3a26e084af4cd0e096d77b94ce2a8f94,SingleTimeout.java,SingleTimeout<T>::TimeoutMainObserver<T>::TimeoutMainObserver( SingleObserver<?super T> actual , SingleSource<?extends T> other),SingleTimeout<T>::TimeoutMainObserver<T>::TimeoutMainObserver( SingleObserver<?super T> actual , SingleSource<?extends T> other , long timeout , TimeUnit unit)
f6f6d82782b145ac4155707400db1b2f38cc221f,ObservableConcatMapCompletable.java,ObservableConcatMapCompletable<T>::ObservableConcatMapCompletable( ObservableSource<T> source , Function<?super T,?extends CompletableSource> mapper , int bufferSize),ObservableConcatMapCompletable<T>::ObservableConcatMapCompletable( Observable<T> source , Function<?super T,?extends CompletableSource> mapper , ErrorMode errorMode , int prefetch)
